tag,inital
407EDTIMER,0.0
403ARSTIMER,0.0
403GLTIMER,0.0
403ARS0TIC011OP,50
403ARS0TIC011PV,58.0566
403ARS0TIC011SP,58.0565
403ARS0TIC011SPAd,58.0
403ARS0TIC011TV,0.0
403ARS0TIC011CAS,0.0
403ARS0TIC011AC,1.0
403ARS0TIC011KC,47
403ARS0TIC011TI,0.9
403ARS0TIC011OPM,50.01446054070881
403ARS0TIC011OPL,0.0
403ARS0TIC011OPH,100.0
403ARS0TIC040OP,50.01446054070881
403ARS0TIC040PV,58.05649999999937
403ARS0TIC040SP,44.9999825068241
403ARS0TIC040SPAd,45.0
403ARS0TIC040TV,0.0
403ARS0TIC040CAS,0.0
403ARS0TIC040KC,3
403ARS0TIC040AC,2
403ARS0TIC040TI,1
403ARS0TIC040OPM,50.00895692502348
403ARS0TIC040OPL,0.0
403ARS0TIC040OPH,100.0
403ARS0EV021,1
403ARS0EV011,2
403ARS0EV049,2
403ARS0EV005,1
403ARS0EV008,1
403ARS0EV015,1
403ARS0EV012,1
403ARS0EV010,1
403ARS0BPZIC005,2
403ARS0PIC049OP,0
403ARS0PIC049PV,23.48961005332339
403ARS0PIC049SP,24.7
403ARS0PIC049SPAd,24.7
403ARS0PIC049TV,0.0
403ARS0PIC049CAS,0.0
403ARS0PIC049AC,1.0
403ARS0PIC049KC,5
403ARS0PIC049TI,1
403ARS0PIC049OPM,-1.00000000000295
403ARS0PIC049OPL,0.0
403ARS0PIC049OPH,100.0
403ARS0EV013,1
403ARS0LIC011OP,50.08004753055027
403ARS0LIC011PV,40.00616149502539
403ARS0LIC011SP,40.0000393713138
403ARS0LIC011SPAd,40
403ARS0LIC011TV,0.0
403ARS0LIC011CAS,0.0
403ARS0LIC011KC,2
403ARS0LIC011AC,2
403ARS0LIC011TI,999
403ARS0LIC011OPM,50.08004753055027
403ARS0LIC011OPL,0.0
403ARS0LIC011OPH,100.0
403ARS0LIC023OP,49.68548508231839
403ARS0LIC023PV,43.82576801083948
403ARS0LIC023SP,43.90205167481992
403ARS0LIC023SPAd,43.9021
403ARS0LIC023TV,0.0
403ARS0LIC023CAS,0.0
403ARS0LIC023KC,2
403ARS0LIC023AC,2
403ARS0LIC023TI,999
403ARS0LIC023OPM,49.68548508231839
403ARS0LIC023OPL,0.0
403ARS0LIC023OPH,100.0
403ARS0PIC007OP,0
403ARS0PIC007PV,22.78716424569879
403ARS0PIC007SP,24
403ARS0PIC007SPAd,24
403ARS0PIC007TV,0.0
403ARS0PIC007CAS,0.0
403ARS0PIC007AC,2.0
403ARS0PIC007KC,5
403ARS0PIC007TI,0.5
403ARS0PIC007OPM,0
403ARS0PIC007OPL,0.0
403ARS0PIC007OPH,100.0
403ARS0TIC012OP,50.37861637185516
403ARS0TIC012PV,39.9982834153737
403ARS0LI019TV,0
0LIC019OPM,-1.00000195345026
403ARS0LI019CAS,0
403ARS0LI010CAS,0
403ARS0LI010AC,1
403ARS0LI019PV,11.45496751374581
403ARS0LI019OP,0.0
403ARS0LI019SP,50.0
403ARS0LI019SPAd,11.4514
403ARS0TIC012SP,39.99828341537334
403ARS0TIC012SPAd,40.0
403ARS0TIC012TV,1
403ARS0TIC012CAS,0.0
403ARS0TIC012AC,1.0
403ARS0TIC012KC,2.5
403ARS0TIC012TI,0.8
403ARS0TIC012OPM,50.37861637185516
403ARS0TIC012OPL,0.0
403ARS0TIC012OPH,100.0
403ARS0BV004,2
403ARS0E001FA01A,1
403ARS0E001FA01B,1
403ARS0E001FA02A,1
403ARS0E001FA02B,1
403ARS0E001FA03A,1
403ARS0E001FA03B,1
403ARS0E001FA04A,1
403ARS0E001FA04B,1
407ES0BV006,2
403ARS0TI009,39.9982834153737
403ARS0LI019,11.4514
403ARS0TI033,39.78995735621179
403ARS0AI001,4.450925924827033
407ES0PDI051A,0.035
407ES0PDI051B,0.5
403ARS0EV016,2
403ARS0EV017,2
403ARS0BV003,2
403ARS0BPZIC013,2
403ARS0BPZIC015,2
403ARS0BPZIC012,2
403ARS0PDI001,0.0293005
403ARS0PDI008,0
403ARS0LI010,2.82751
403ARS0FI013,2056.690787984567
403ARS0FI014,0
403ARS0LI018,14.14193520215535
407ES0LI028,26.32274267881366
403ARS0LI009,0.0
403ARS0LI015,36.26137132065875
403ARS0EV018,2
403ARS0BV010,2
403ARS0TI036,40.17786770006959
403ARS0PDI041,0.200979
403ARS0TI003,59.68169148447107
403ARS0TI034,40.86417606707695
403ARS0LI026,50.20451716932302
403ARS0TI042,40.47839614061822
403ARS0LI023,2
403ARS0PDI010,0.0015948
403ARS0LI022,50.00000022921771
407ES0EV002,1
407ES0EV008,1
407ES0EV035,1
407ES0EV044,1
407ES0EV026,1
407ES0EV006,1
407ES0EV036,1
407ES0EV037,1
407ES0EV027,1
407ES0LI009B,47.1733714118409
407ES0FI110,15.03978247227402
407ES0TI059,40.81190449622906
407ES0FI109,10523.96077172539
407ES0TI058,40.39202002738835
407ES0PI010,6.97663
407ES0FI004,17.47005739262018
407ES0HV001OP,0
407ES0HV001PV,36.787
407ES0HV001SP,38.5
407ES0HV001TV,0.0
407ES0PIC059OP,0
407ES0PIC059PV,36.787
407ES0PIC059SP,38.5
407ES0PIC059SPAd,38.5
407ES0PIC059TV,0.0
407ES0PIC059CAS,0.0
407ES0PIC059AC,1.0
407ES0PIC059KC,5
407ES0PIC059TI,0.5
407ES0PIC059OPM,-0.9999999999906638
407ES0PIC059OPL,0.0
407ES0PIC059OPH,100.0
407ES0LI026B,0
407ES0LI027,50
0FI014B,2
407ES0PDI246,0.301678
407ES0FI022A,41.09567902765304
407ES0TIC034OP,50.02251117603478
407ES0TIC034PV,41.83365048235203
407ES0TIC034SP,41.83365049230962
407ES0TIC034SPAd,40
407ES0TIC034TV,0.0
407ES0TIC034CAS,0.0
407ES0TIC034KC,3.5
407ES0TIC034AC,1.0
407ES0TIC034TI,0.2
407ES0TIC034OPM,50.02251117603478
407ES0TIC034OPL,0.0
407ES0TIC034OPH,100.0
407ES0TIC014OP,50.5580064562295
407ES0TIC014PV,39.97072528788829
407ES0TIC014SP,39.97072536651654
407ES0TIC014SPAd,40
407ES0TIC014TV,0.0
407ES0TIC014CAS,0.0
407ES0TIC014KC,3
407ES0TIC014AC,2
407ES0TIC014TI,0.5
407ES0TIC014OPM,50.5580064562295
407ES0TIC014OPL,0.0
407ES0TIC014OPH,100.0
403ARS0LIC003OP,49.99910420568226
403ARS0LIC003PV,50.20425464968982
403ARS0LIC003SP,50.20431704729808
403ARS0LIC003SPAd,57.81
403ARS0LIC003TV,0.0
403ARS0LIC003CAS,0.0
403ARS0LIC003KC,2
403ARS0LIC003AC,2
403ARS0LIC003TI,999
403ARS0LIC003OPM,49.99910420568226
403ARS0LIC003OPL,0.0
403ARS0LIC003OPH,100.0
407ES0LIC003OP,50.00002700138035
407ES0LIC003PV,49.99500010186436
407ES0LIC003SP,49.995
407ES0LIC003SPAd,50.0615
407ES0LIC003TV,0.0
407ES0LIC003CAS,0.0
407ES0LIC003KC,2
407ES0LIC003AC,1
407ES0LIC003TI,30
407ES0LIC003OPM,50.00002700138035
407ES0LIC003OPL,0.0
407ES0LIC003OPH,100.0
407ES0FIC016AOP,50.00054381496224
407ES0FIC016APV,10.27392425853509
407ES0FIC016ASP,10.27394336772152
407ES0FIC016ASPAd,10.3
407ES0FIC016ATV,0.0
407ES0FIC016ACAS,0.0
407ES0FIC016AAC,1.0
407ES0FIC016AKC,2
407ES0FIC016ATI,30
407ES0FIC016AOPM,50.00054381496224
407ES0FIC016AOPL,0.0
407ES0FIC016AOPH,100.0
407ES0FIC014AOP,49.99983915829863
407ES0FIC014APV,30.82174267259914
407ES0FIC014ASP,30.8218
407ES0FIC014ASPAd,30.9
407ES0FIC014ATV,0.0
407ES0FIC014ACAS,0.0
407ES0FIC014AAC,1.0
407ES0FIC014AKC,2
407ES0FIC014ATI,1
407ES0FIC014AOPM,49.99983915829863
407ES0FIC014AOPL,0.0
407ES0FIC014AOPH,100.0
407ES0LIC007OP,48.91398345299366
407ES0LIC007PV,63.66126842852297
407ES0LIC007SP,63.90724039131683
407ES0LIC007SPAd,40.59
407ES0LIC007TV,0.0
407ES0LIC007CAS,0.0
407ES0LIC007KC,2
407ES0LIC007AC,2
407ES0LIC007TI,999
407ES0LIC007OPM,48.91398345299366
407ES0LIC007OPL,0.0
407ES0LIC007OPH,100.0
407ES0PIC060OP,49.69271433019968
407ES0PIC060PV,6.976750021610453
407ES0PIC060SP,6.976750021806539
407ES0PIC060SPAd,7
407ES0PIC060TV,0.0
407ES0PIC060CAS,0.0
407ES0PIC060AC,2.0
407ES0PIC060KC,4
407ES0PIC060TI,0.5
407ES0PIC060OPM,49.69271433019968
407ES0PIC060OPL,0.0
407ES0PIC060OPH,100.0
407ES0PIC063OP,0
407ES0PIC063PV,6.976750021610453
407ES0PIC063SP,5
407ES0PIC063SPAd,5
407ES0PIC063TV,0.0
407ES0PIC063CAS,0.0
407ES0PIC063AC,1.0
407ES0PIC063KC,5
407ES0PIC063TI,0.5
407ES0PIC063OPM,-1.000000000000119
407ES0PIC063OPL,0.0
407ES0PIC063OPH,100.0
407ES0PIC007OP,0
407ES0PIC007PV,6.976750021610453
407ES0PIC007SP,8
407ES0PIC007SPAd,8
407ES0PIC007TV,0.0
407ES0PIC007CAS,0.0
407ES0PIC007AC,1.0
407ES0PIC007KC,4
407ES0PIC007TI,0.5
407ES0PIC007OPM,-0.9999999999997642
407ES0PIC007OPL,0.0
407ES0PIC007OPH,100.0
407ES0PIC001OP,50.66722845767995
407ES0PIC001PV,0.9867079527749681
407ES0PIC001SP,0.9867079534034466
407ES0PIC001SPAd,1.0
407ES0PIC001TV,0.0
407ES0PIC001CAS,0.0
407ES0PIC001AC,1.0
407ES0PIC001KC,5
407ES0PIC001TI,0.5
407ES0PIC001OPM,50.66722845767995
407ES0PIC001OPL,0.0
407ES0PIC001OPH,100.0
407ES0PIC075OP,0
407ES0PIC075PV,0.9867079527749685
407ES0PIC075SP,1.15
407ES0PIC075SPAd,1.15
407ES0PIC075TV,0.0
407ES0PIC075CAS,0.0
407ES0PIC075AC,1.0
407ES0PIC075KC,4
407ES0PIC075TI,0.5
407ES0PIC075OPM,-0.9999999999999696
407ES0PIC075OPL,0.0
407ES0PIC075OPH,100.0
407ES0PIC181OP,49.99933744730927
407ES0PIC181PV,4.500000006513972
407ES0PIC181SP,4.5
407ES0PIC181SPAd,4.5
407ES0PIC181TV,0.0
407ES0PIC181CAS,0.0
407ES0PIC181AC,1.0
407ES0PIC181KC,5
407ES0PIC181TI,0.4
407ES0PIC181OPM,49.99933744730927
407ES0PIC181OPL,0.0
407ES0PIC181OPH,100.0
407ES0FIC015OP,49.97925726322783
407ES0FIC015PV,5023.45595805948
407ES0FIC015SP,5023.455385887202
407ES0FIC015SPAd,5265
407ES0FIC015TV,0.0
407ES0FIC015CAS,1.0
407ES0FIC015AC,1.0
407ES0FIC015KC,2
407ES0FIC015TI,1
407ES0FIC015OPM,49.97925726322783
407ES0FIC015OPL,0.0
407ES0FIC015OPH,100.0
407ES0TIC064OP,49.99600098413439
407ES0TIC064PV,155.058315006506
407ES0TIC064SP,155.0583163084117
407ES0TIC064SPAd,153
407ES0TIC064TV,0.0
407ES0TIC064CAS,0.0
407ES0TIC064KC,3
407ES0TIC064AC,2
407ES0TIC064TI,0.5
407ES0TIC064OPM,49.99600098413439
407ES0TIC064OPL,0.0
407ES0TIC064OPH,100.0
407ES0PIC064OP,0
407ES0PIC064PV,1.226705698250454
407ES0PIC064SP,0.6
407ES0PIC064SPAd,0.6
407ES0PIC064TV,0.0
407ES0PIC064CAS,0.0
407ES0PIC064AC,1.0
407ES0PIC064KC,4
407ES0PIC064TI,0.5
407ES0PIC064OPM,-0.9999999994046833
407ES0PIC064OPL,0.0
407ES0PIC064OPH,100.0
407ES0LIC015OP,50.01978008220844
407ES0LIC015PV,55.99858381900354
407ES0LIC015SP,55.99422763825631
407ES0LIC015SPAd,61.5
407ES0LIC015TV,0.0
407ES0LIC015CAS,0.0
407ES0LIC015KC,2
407ES0LIC015AC,2
407ES0LIC015TI,999
407ES0LIC015OPM,50.01978008220844
407ES0LIC015OPL,0.0
407ES0LIC015OPH,100.0
407ES0LIC037OP,50.00151535467263
407ES0LIC037PV,59.4329516790573
407ES0LIC037SP,59.43295134324517
407ES0LIC037SPAd,55.78
407ES0LIC037TV,0.0
407ES0LIC037CAS,0.0
407ES0LIC037KC,2
407ES0LIC037AC,2
407ES0LIC037TI,50
407ES0LIC037OPM,50.00151535467263
407ES0LIC037OPL,0.0
407ES0LIC037OPH,100.0
407ES0TIC100OP,50.45604493901165
407ES0TIC100PV,58.00043001862597
407ES0TIC100SP,58.00037971927395
407ES0TIC100SPAd,58.0
407ES0TIC100TV,0.0
407ES0TIC100CAS,0.0
407ES0TIC100KC,3
407ES0TIC100AC,2
407ES0TIC100TI,0.5
407ES0TIC100OPM,50.45604493901165
407ES0TIC100OPL,0.0
407ES0TIC100OPH,100.0
407ES0LIC012OP,49.99918998502131
407ES0LIC012PV,57.58736939329226
407ES0LIC012SP,57.58739282230259
407ES0LIC012SPAd,50
407ES0LIC012TV,0.0
407ES0LIC012CAS,0.0
407ES0LIC012KC,2
407ES0LIC012AC,2
407ES0LIC012TI,50
407ES0LIC012OPM,49.99918998502131
407ES0LIC012OPL,0.0
407ES0LIC012OPH,100.0
407ES0PDI004,0.21244
407ES0TI062,129.7398893843967
407ES0TI063,129.7398893843967
407ES0PI070,3.485935731518649
407ES0TI010,131.0652959165463
407ES0LI013,62.60170884467369
407ES0FI015,5023.455958059482
407ES0TI219,187.4323459458414
407ES0PI065,1.226705698250454
407ES0TIC015OP,5023.455384647806
407ES0TIC015PV,122.6893116757684
407ES0TIC015SP,122.689311530469
407ES0TIC015SPAd,122.8
407ES0TIC015TV,0.0
407ES0TIC015CAS,0.0
407ES0TIC015KC,5
407ES0TIC015PRD,2
407ES0TIC015PRDOP,49.97925726322783
407ES0TIC015AC,1
407ES0TIC015TI,0.4
407ES0TIC015OPM,5023.455384647806
407ES0TIC015OPL,0.0
407ES0TIC015OPH,10047.04466490577
407ES0FIC022BOP,0.0
407ES0FIC022BPV,41.09567902765276
407ES0FIC022BSP,15.3
407ES0FIC022BSPAd,15.3
407ES0FIC022BTV,0.0
407ES0FIC022BCAS,0.0
407ES0FIC022BAC,1
407ES0FIC022BKC,2
407ES0FIC022BTI,1
407ES0FIC022BOPM,0
407ES0FIC022BOPL,0.0
407ES0FIC022BOPH,100.0
407ES0AI004A,961.8713098763653
407ES0AI004B,0.8875968100472859
407ES0AI004C,98.40910516361225
407ES0AI004D,0.6121020399093935
407ES0AI004E,5.576181062095081
407ES0AI004F,79.63130458016889
407ES0AI004G,0
407ES0AI004H,0
407ES0AI005A,65.11900399608277
407ES0AI005B,5.292988488632851
407ES0AI005C,0.0
407ES0AI005D,98.42103188604565
407ES0AI005E,0.8985391151988318
407ES0AI005F,0
407ES0AI005G,0
407ES0AI005H,1
407ES0LI029,21.22801828936587
407ES0P012AB,1
407ES0P011AB,1
407ES0EV038,1
407ES0LI014,38.71803086710882
407ES0BV004,2
0UV003,1
407ES0EV049,1
0BPZIC002,2
407ES0BPZIC038,2
407ES0P011A,1
407ES0P011B,2
407ES0FI158,0
407ES0FI037,3574.466769501439
407ES0LI023,54.46440391373888
407ES0FI020,303.2812069249147
407ES0TI035,41.83365048235203
407ES0FI043A,3.611380607244918
407ES0FI008,0
407ES0LI080,100.0
407ESTK407003H,2.99876
407ESTK407003V,85.7646
407ES0LI127,59.99114886877226
407ES0LIC011OP,49.99887192592234
407ES0LIC011PV,52.51820120937885
407ES0LIC011SP,52.51821246009658
407ES0LIC011SPAd,68.18622
407ES0LIC011TV,0.0
407ES0LIC011CAS,0.0
407ES0LIC011KC,2
407ES0LIC011AC,2
407ES0LIC011TI,0.5
407ES0LIC011OPM,49.99887192592234
407ES0LIC011OPL,0.0
407ES0LIC011OPH,100.0
407ESP012A,1
407ESP012B,2
0BPZIC035,2
0BPZIC026,2
407ES0EV001,1
407ES0TI076,59.49752334095481
407ES0TI050,43.69359899209733
407ES0TI045,44.89101090677469
407ES0FI014B,30.82174267259914
407ES0PI003,42.58675947030037
407ES0TI132,47.22113541838728
407ES0PI177,1.386734252954819
407ES0TI133,59.49150834382971
407ES0TI185,58.00043001862597
407ES0TI134,131.0839790715942
407ES0PI053,6.886691759483329
407ES0TI135,115.6816987603296
407ES0PI178,6.486702568939762
407ES0FI011,0
407ES0TI136,131.0839790715942
407ES0PI179,1.78672226506554
407ED0KV018A,2
407ED0KV018B,2
407ED0KV018C,2
407ED0KV017A,2
407ED0KV017B,2
407ED0KV017C,2
407ED0KV031A,1
407ED0KV031B,1
407ED0KV031C,2
407ED0KV028A,2
407ED0KV028B,2
407ED0KV028C,1
407ED0KV029A,2
407ED0KV029B,2
407ED0KV029C,2
407ED0KV034A,2
407ED0KV034B,2
407ED0KV034C,2
407ED0KV027A,1
407ED0KV027B,1
407ED0KV027C,2
407ED0KV019A,2
407ED0KV019B,2
407ED0EV021,2
407ED0BV020,2
407ED0FIC031OP,100
407ED0FIC031PV,0.02
407ED0FIC031SP,15000
407ED0FIC031SPAd,15000
407ED0FIC031TV,0.0
407ED0FIC031CAS,0.0
407ED0FIC031KC,10
407ED0FIC031AC,1
407ED0FIC031TI,0.01
407ED0FIC031OPM,100
407ED0FIC031OPL,0.0
407ED0FIC031OPH,100.0
407ED0PIC283AOP,50
407ED0PIC283APV,33.48
407ED0PIC283ASP,33.48
407ED0PIC283ASPAd,36
407ED0PIC283ATV,0.0
407ED0PIC283ACAS,0.0
407ED0PIC283AAC,1
407ED0PIC283AKC,15
407ED0PIC283ATI,0.05
407ED0PIC283AOPM,50
407ED0PIC283AOPL,0.0
407ED0PIC283AOPH,100.0
407ED0PIC283BOP,50
407ED0PIC283BPV,33.28
407ED0PIC283BSP,33.28
407ED0PIC283BSPAd,35
407ED0PIC283BTV,0.0
407ED0PIC283BCAS,0.0
407ED0PIC283BKC,15
407ED0PIC283BAC,1
407ED0PIC283BTI,0.02
407ED0PIC283BOPM,50
407ED0PIC283BOPL,0.0
407ED0PIC283BOPH,100.0
407ED0PIC015AOP,50
407ED0PIC015APV,33.48
407ED0PIC015ASP,33.48
407ED0PIC015ASPAd,36
407ED0PIC015ATV,0.0
407ED0PIC015ACAS,0.0
407ED0PIC015AKC,15
407ED0PIC015AAC,2
407ED0PIC015ATI,0.05
407ED0PIC015AOPM,50
407ED0PIC015AOPL,0.0
407ED0PIC015AOPH,100.0
407ED0PIC017OP,50
407ED0PIC017PV,33.48
407ED0PIC017SP,33.28
407ED0PIC017SPAd,31.9
407ED0PIC017TV,0.0
407ED0PIC017CAS,0.0
407ED0PIC017KC,15
407ED0PIC017AC,1
407ED0PIC017TI,0.05
407ED0PIC017OPM,50
407ED0PIC017OPL,0.0
407ED0PIC017OPH,100.0
407ED0EV012,2
407ED0EV025,1
407ED0EV011,1
407ED0KV026A,2
407ED0KV026B,2
407ED0KV026C,2
0BV001,2
407ED0PI251,37.733
407ED0PI005,37.305
407ED0TI041C,39.471
407ED0TI041B,39.63
407ED0TI041A,39.63
407ED0TI163,39.4709
407ED0PDI009C,0
407ED0PDI009B,1.8934
407ED0PDI009A,1.8934
407ED0TI040C,39.397
407ED0TI040B,37.475
407ED0TI040A,37.475
407ED0TI116,47.413
407ED0AI002C,0
407ED0AI002B,17.613
407ED0AI002A,17.613
407ED0PI248,37.444
407ED0PI002,37.444
407ED0FI031,0.021
407ED0PI216,26.3
407ED0PDI282B,50.1443
407ED0PDI282A,50.1443
407ES0PDI282B,50.1443
407ED0TI212,36.45
407ED0PDI306,0.384708
407ED0TI211,37.174
407ED0PDI258,0.14417
407ED0BP020,2
407ED0BPZIC011,2
407ED0BPZIC001,2
407ED0BPZIC012,2
407EDHS015,1
407EDHS283,1
C403001A,1
C403001B,2
403GL0EV705,1
403GL0EV704,1
403GL0EV702,1
403GL0EV703,1
403GLP003AB,1
403GLP003A,1
403GLP002AB,1
403GLP001AB,1
403GL0BP705,2
403GLP005,1
403GLP003B,2
403GL0TI714,199.665
403GL0TI715,82.9196
403GL0LI714,60.166
403GL0TI438,20.0
403GL0FI453,0.0
403GL0FI452,0.0
403GL0TI437,20.0
403GL0PI731,0.24788
403GL0LI711,49.9964
403GL0PI711,0.24788
403GL0TI706,204.506
403GL0PDI728,0.99929
403GL0EV708,1
403GL0EV709,1
403GLBL001A,1
403GLBL001B,2
403GL0EV706,1
403GL0LI709,44.4472
403GL0PI705,4.49987
403GL0PDI701,0.0219928
403GL0PDI702,0.0879929
403GL0PDI072,0
403GL0LIC702OP,49.9833
403GL0LIC702PV,42.3033
403GL0LIC702SP,42.3033
403GL0LIC702SPAd,45
403GL0LIC702TV,0.0
403GL0LIC702CAS,0.0
403GL0LIC702KC,3
403GL0LIC702AC,2
403GL0LIC702TI,20.0
403GL0LIC702OPM,49.9833
403GL0LIC702OPL,0
403GL0LIC702OPH,500
403GL0LI706,35.3103
403GL0AI701,0.0139969
403GL0LI703,34.9964
403GL0LI713,58.1328
403GL0LI717,10
403GL0PI728,2
403GL0LI716,10
403GL0LI715,10
403GL0TI711,102.349
403GL0TI720,47.6749
403GL0TI710,53.9635
403GL0EV017,1
403GL0EV034,1
403GL0LI016,2
403GL0TIC001OP,49.9147
403GL0TIC001PV,40
403GL0TIC001SP,40
403GL0TIC001SPAd,40
403GL0TIC001TV,0.0
403GL0TIC001CAS,0.0
403GL0TIC001KC,2
403GL0TIC001AC,2
403GL0TIC001TI,1.5
403GL0TIC001OPM,49.9147
403GL0TIC001OPL,0.0
403GL0TIC001OPH,100.0
403GL0LIC705OP,49.4089
403GL0LIC705PV,45.8445
403GL0LIC705SP,45.8446
403GL0LIC705SPAd,50
403GL0LIC705TV,0.0
403GL0LIC705CAS,0.0
403GL0LIC705KC,3
403GL0LIC705AC,2
403GL0LIC705TI,40
403GL0LIC705OPM,49.4089
403GL0LIC705OPL,0.0
403GL0LIC705OPH,100.0
403GL0TIC707OP,50.3903
403GL0TIC707PV,204.506
403GL0TIC707SP,204.506
403GL0TIC707SPAd,204.2
403GL0TIC707TV,0.0
403GL0TIC707CAS,0.0
403GL0TIC707KC,3
403GL0TIC707AC,2
403GL0TIC707TI,1.5
403GL0TIC707OPM,50.3903
403GL0TIC707OPL,0.0
403GL0TIC707OPH,100.0
403GL0PI055B,22.5822
403GL0TI046B,68.3845
403GL0PI059B,29.6301
403GL0PDI052B,9.99753
403GL0PI058B,29.6301
403GL0TI044B,2
403GL0PI056B,22.4822
403GL0SIC001B,2
403GL0TI045B,68.3845
4030HC590,2
403GL0FI402,199703
403GL0TI046A,68.3845
403GL0PI059A,29.6301
403GL0PI055A,23.5954
403GL0PI034,22.5822
403GL0SIC001AOP,11843.6
403GL0SIC001APV,11841.7
403GL0SIC001ASP,29.6301
403GL0SIC001ASPAd,29.6301
403GL0SIC001ATV,0.0
403GL0SIC001ACAS,0.0
403GL0SIC001AKC,5
403GL0SIC001AAC,5
403GL0SIC001ATI,0.8
403GL0SIC001AOPM,11843.6
403GL0SIC001AOPL,10859.0
403GL0SIC001AOPH,14479.0
403GL0SIC001BOP,10859.0
403GL0SIC001BPV,0.0
403GL0SIC001BSP,27
403GL0SIC001BSPAd,29.6301
403GL0SIC001BTV,0.0
403GL0SIC001BCAS,0.0
403GL0SIC001BKC,5
403GL0SIC001BAC,5
403GL0SIC001BTI,0.8
403GL0SIC001BOPM,10822.8
403GL0SIC001BOPL,10859.0
403GL0SIC001BOPH,14479.0
403GL0LIC708OP,49.91
403GL0LIC708PV,45.0029
403GL0LIC708SP,45.0029
403GL0LIC708SPAd,62.5
403GL0LIC708TV,0.0
403GL0LIC708CAS,0.0
403GL0LIC708KC,3
403GL0LIC708AC,3
403GL0LIC708TI,20
403GL0LIC708OPM,49.91
403GL0LIC708OPL,0.0
403GL0LIC708OPH,100.0
403GL0FIC020OP,0
403GL0FIC020PV,5209.41
403GL0FIC020SP,3360.67
403GL0FIC020SPAd,3359.54
403GL0FIC020TV,0.0
403GL0FIC020CAS,1
403GL0FIC020KC,5
403GL0FIC020AC,2
403GL0FIC020TI,1
403GL0FIC020OPM,-1
403GL0FIC020OPL,0.0
403GL0FIC020OPH,100.0
403GL0PIC706OP,50.2315
403GL0PIC706PV,4.49987
403GL0PIC706SP,4.49987
403GL0PIC706SPAd,4.5
403GL0PIC706TV,0.0
403GL0PIC706CAS,0.0
403GL0PIC706KC,6
403GL0PIC706AC,6
403GL0PIC706TI,0.8
403GL0PIC706OPM,50.2315
403GL0PIC706OPL,0.0
403GL0PIC706OPH,100.0
403GL0LIC016OP,50.0735
403GL0LIC016PV,68.7568
403GL0LIC016SP,68.7602
403GL0LIC016SPAd,68.7602
403GL0LIC016TV,0.0
403GL0LIC016CAS,0.0
403GL0LIC016KC,3
403GL0LIC016AC,2
403GL0LIC016TI,999
403GL0LIC016OPM,50.0735
403GL0LIC016OPL,0.0
403GL0LIC016OPH,100.0
403GL0PIC085OP,0
403GL0PIC085PV,29.0201
403GL0PIC085SP,31
403GL0PIC085SPAd,31
403GL0PIC085TV,0.0
403GL0PIC085CAS,0.0
403GL0PIC085KC,4
403GL0PIC085AC,1
403GL0PIC085TI,0.2
403GL0PIC085OPM,-1
403GL0PIC085OPL,0.0
403GL0PIC085OPH,100.0
403GL0PIC710OP,0
403GL0PIC710PV,0.207948
403GL0PIC710SP,0.17
403GL0PIC710SPAd,0.17
403GL0PIC710TV,0.0
403GL0PIC710CAS,0.0
403GL0PIC710KC,3
403GL0PIC710AC,2
403GL0PIC710TI,0.8
403GL0PIC710OPM,-0.999999
403GL0PIC710OPL,0.0
403GL0PIC710OPH,100.0
403GL0PI730,29.6301
403GL0PI743,29.0201
403GL0FI703,5721.58
403GL0PI712,29.5798
403GL0PI713,29.5798
407ES0TV031OP,0
407ES0TV031PV,0.199605
407ES0TV031SP,50
407ES0TV031SPAd,50
407ES0TV031TV,0.0
407ES0TV031CAS,0.0
407ES0TV031KC,3
407ES0TV031AC,2
407ES0TV031TI,0.8
407ES0TV031OPM,-1
407ES0TV031OPL,0.0
407ES0TV031OPH,100.0
403GL0BV701,2
403GL0BPZIC016,2
403GL0BPZIC705,2
403GL0BP018,2
403GL0EV018,1
403GL0EV016,1
403GL0TI439,40.9454
403GL0PDI016,0.100036
403GL0PI070,22.5922
403GL0FI025,78039.5
403GL0PDI051,0.00999753
403GL0LI017,63.8615
403GL0EV031,2
403GL0PDI002,0.1
403GL0PDI052A,9.99753
403GL0PI058A,29.6301
403GL0TI044A,41.7087
403GL0TI045A,68.3845
403GL0PI056A,22.4822
403GL0BV011,2
403GL0PIT742,50.0
403GL0PIT739,50.0
403GL0PIT741,50.0
403GL0PIT736,50.0
403GL0PT735,50.0
403ARS0PDI002A,0.715599
403ARS0PDI002B,0.715599
403GL0PI735,0.715599
403GL0PI736,0.715599
403GL0PI739,0.715599
403GL0PI741,0.715599
403GL0PI742,0.715599
403ARS0BP021,2
403GLFilter,2
403GLFilter2,1
CompFilter3,2
CompFilter2,2
CompFilter1,1
407ES0LI010,49.79120120937885
407ES0AI001A,961.871
407ES0FI016B,10.27392425853509
403ARS0FI002,82864.48080215487
403ARS0TI015,251.3858083311461
403ARS0FI007,42257.03802627209
403ARS0TI021,249.9331742751957
407ES0BPZIC026,2
407ES0BPZIC035,2
403ARS0TI009PVL,0
403ARS0TI009PVLL,0
403ARS0TI009PVH,75
403ARS0TI009PVHH,100
403ARS0TIC012PVL,35
403ARS0TIC012PVLL,0
403ARS0TIC012PVH,45
403ARS0TIC012PVHH,100
403ARS0LIC003PVL,33.21033
403ARS0LIC003PVLL,0
403ARS0LIC003PVH,82.411
403ARS0LIC003PVHH,100
403ARS0LI019PVL,41.02
403ARS0LI019PVLL,0
403ARS0LI019PVH,90.24
403ARS0LI019PVHH,100
403ARS0PIC007PVL,0
403ARS0PIC007PVLL,0
403ARS0PIC007PVH,24.5
403ARS0PIC007PVHH,40
403ARS0LIC023PVL,26.25
403ARS0LIC023PVLL,5
403ARS0LIC023PVH,75.4717
403ARS0LIC023PVHH,90
403ARS0LIC011PVL,36.9
403ARS0LIC011PVLL,0
403ARS0LIC011PVH,61.5
403ARS0LIC011PVHH,100
403ARS0PIC049PVL,22.5
403ARS0PIC049PVLL,0
403ARS0PIC049PVH,25.2
403ARS0PIC049PVHH,50
403ARS0TI033PVL,35
403ARS0TI033PVLL,0
403ARS0TI033PVH,45
403ARS0TI033PVHH,100
403ARS0TI042PVL,0
403ARS0TI042PVLL,0
403ARS0TI042PVH,100
403ARS0TI042PVHH,100
403ARS0AI001PVL,0
403ARS0AI001PVLL,0
403ARS0AI001PVH,5
403ARS0AI001PVHH,10
403ARS0TIC040PVL,42
403ARS0TIC040PVLL,0
403ARS0TIC040PVH,50
403ARS0TIC040PVHH,100
403ARS0TIC011PVL,48
403ARS0TIC011PVLL,0
403ARS0TIC011PVH,68
403ARS0TIC011PVHH,200
407ED0PIC017PVL,20
407ED0PIC017PVLL,15
407ED0PIC017PVH,55
407ED0PIC017PVHH,16
403ARS0LI010PVL,36.9
403ARS0LI010PVLL,0
403ARS0LI010PVH,61.5
403ARS0LI010PVHH,100
407ED0PIC015APVL,25
407ED0PIC015APVLL,10
407ED0PIC015APVH,68
407ED0PIC015APVHH,70
407ED0PIC283APVL,30
407ED0PIC283APVLL,25
407ED0PIC283APVH,45
407ED0PIC283APVHH,48
407ED0PIC283BPVL,29
407ED0PIC283BPVLL,29
407ED0PIC283BPVH,44
407ED0PIC283BPVHH,44
407ES0AI004APVL,500
407ES0AI004APVLL,500
407ES0AI004APVH,1500
407ES0AI004APVHH,1500
407ES0AI004BPVL,0.5
407ES0AI004BPVLL,0.5
407ES0AI004BPVH,2
407ES0AI004BPVHH,2
407ES0AI004CPVL,96
407ES0AI004CPVLL,96
407ES0AI004CPVH,100
407ES0AI004CPVHH,100
407ES0AI004DPVL,0.2
407ES0AI004DPVLL,0.2
407ES0AI004DPVH,1.2
407ES0AI004DPVHH,1.2
407ES0AI004EPVL,0
407ES0AI004EPVLL,0
407ES0AI004EPVH,10
407ES0AI004EPVHH,10
407ES0AI004FPVL,0
407ES0AI004FPVLL,0
407ES0AI004FPVH,150
407ES0AI004FPVHH,150
407ES0AI004GPVL,0
407ES0AI004GPVLL,0
407ES0AI004GPVH,200
407ES0AI004GPVHH,200
407ES0AI004HPVL,0
407ES0AI004HPVLL,0
407ES0AI004HPVH,2
407ES0AI004HPVHH,2
407ES0AI005APVL,0
407ES0AI005APVLL,0
407ES0AI005APVH,50
407ES0AI005APVHH,100
407ES0AI005BPVL,0
407ES0AI005BPVLL,0
407ES0AI005BPVH,5
407ES0AI005BPVHH,10
407ES0AI005CPVL,0
407ES0AI005CPVLL,0
407ES0AI005CPVH,0.4
407ES0AI005CPVHH,0.4
407ES0AI005DPVL,0
407ES0AI005DPVLL,0
407ES0AI005DPVH,100
407ES0AI005DPVHH,100
407ES0AI005EPVL,0
407ES0AI005EPVLL,0
407ES0AI005EPVH,2
407ES0AI005EPVHH,2
407ES0AI005FPVL,0
407ES0AI005FPVLL,0
407ES0AI005FPVH,6
407ES0AI005FPVHH,6
407ES0AI005GPVL,0
407ES0AI005GPVLL,0
407ES0AI005GPVH,10
407ES0AI005GPVHH,10
407ES0AI005HPVL,0
407ES0AI005HPVLL,0
407ES0AI005HPVH,20
407ES0AI005HPVHH,20
407ES0FIC014APVL,15.3
407ES0FIC014APVLL,0
407ES0FIC014APVH,34
407ES0FIC014APVHH,34
407ES0FIC016APVL,3.8
407ES0FIC016APVLL,0
407ES0FIC016APVH,11.3
407ES0FIC016APVHH,11.3
407ES0FI014BPVL,0
407ES0FI014BPVLL,14
407ES0FI014BPVH,38
407ES0FI014BPVHH,38
407ES0TI076PVL,50
407ES0TI076PVLL,0
407ES0TI076PVH,100
407ES0TI076PVHH,100
407ES0TI050PVL,40
407ES0TI050PVLL,0
407ES0TI050PVH,35
407ES0TI050PVHH,100
407ES0TI045PVL,40
407ES0TI045PVLL,0
407ES0TI045PVH,50
407ES0TI045PVHH,100
407ES0FI022APVL,0
407ES0FI022APVLL,14
407ES0FI022APVH,45
407ES0FI022APVHH,50
407ES0PDI051APVL,0
407ES0PDI051APVLL,0
407ES0PDI051APVH,0.35
407ES0PDI051APVHH,0.7
407ES0PDI051BPVL,0
407ES0PDI051BPVLL,0
407ES0PDI051BPVH,0.15
407ES0PDI051BPVHH,1
407ES0TIC100PVL,53
407ES0TIC100PVLL,0
407ES0TIC100PVH,63
407ES0TIC100PVHH,150
407ES0TI135PVL,105
407ES0TI135PVLL,0
407ES0TI135PVH,125
407ES0TI135PVHH,150
407ES0PI053PVL,0
407ES0PI053PVLL,0
407ES0PI053PVH,12
407ES0PI053PVHH,12
407ES0PI178PVL,0
407ES0PI178PVLL,0
407ES0PI178PVH,12
407ES0PI178PVHH,12
407ES0FI011PVL,0
407ES0FI011PVLL,0
407ES0FI011PVH,160
407ES0FI011PVHH,160
407ES0TI136PVL,0
407ES0TI136PVLL,0
407ES0TI136PVH,200
407ES0TI136PVHH,200
407ES0PI179PVL,0
407ES0PI179PVLL,0
407ES0PI179PVH,4
407ES0PI179PVHH,4
403GL0TIC707PVL,195
403GL0TIC707PVLL,0
403GL0TIC707PVH,208
403GL0TIC707PVHH,250
403GL0LIC708PVL,40
403GL0LIC708PVLL,0
403GL0LIC708PVH,70
403GL0LIC708PVHH,100
403GL0PIC706PVL,4
403GL0PIC706PVLL,0
403GL0PIC706PVH,6
403GL0PIC706PVHH,10
403GL0LI709PVL,0
403GL0LI709PVLL,37.255
403GL0LI709PVH,100
403GL0LI709PVHH,92.157
403GL0PI705PVL,0
403GL0PI705PVLL,0
403GL0PI705PVH,10
403GL0PI705PVHH,8.5
403GL0PDI728PVL,0
403GL0PDI728PVLL,0
403GL0PDI728PVH,1
403GL0PDI728PVHH,2
407ED0AI002BPVL,-120
407ED0AI002BPVLL,-120
407ED0AI002BPVH,30
407ED0AI002BPVHH,30
407ED0AI002CPVL,-120
407ED0AI002CPVLL,-120
407ED0AI002CPVH,30
407ED0AI002CPVHH,30
407ED0AI002APVL,-120
407ED0AI002APVLL,-120
407ED0AI002APVH,30
407ED0AI002APVHH,30
407ED0PDI282APVL,0.0
407ED0PDI282APVLL,0.0
407ED0PDI282APVH,0.5
407ED0PDI282APVHH,1
407ED0PDI282BPVL,0.0
407ED0PDI282BPVLL,0.0
407ED0PDI282BPVH,1
407ED0PDI282BPVHH,1
407ED0PDI306PVL,0.0
407ED0PDI306PVLL,0.0
407ED0PDI306PVH,0.3
407ED0PDI306PVHH,0.5
407ED0PDI258PVL,0
407ED0PDI258PVLL,0
407ED0PDI258PVH,0.5
407ED0PDI258PVHH,1
407ED0FIC031PVL,0
407ED0FIC031PVLL,0
407ED0FIC031PVH,22500
407ED0FIC031PVHH,27000
403GL0TI437PVL,-30
403GL0TI437PVLL,-30
403GL0TI437PVH,120
403GL0TI437PVHH,120
403GL0TI438PVL,-30
403GL0TI438PVLL,-30
403GL0TI438PVH,100
403GL0TI438PVHH,100
403GL0FI452PVL,0
403GL0FI452PVLL,0
403GL0FI452PVH,2300
403GL0FI452PVHH,2300
403GL0FI453PVL,0
403GL0FI453PVLL,0
403GL0FI453PVH,2300
403GL0FI453PVHH,2300
403GL0PIC710PVL,0.1
403GL0PIC710PVLL,-1
403GL0PIC710PVH,0.6
403GL0PIC710PVHH,1.15
407ES0PIC064PVL,0.2
407ES0PIC064PVLL,0
407ES0PIC064PVH,1.5
407ES0PIC064PVHH,2
407ES0TIC015PVL,116
407ES0TIC015PVLL,10
407ES0TIC015PVH,130
407ES0TIC015PVHH,180
407ES0TIC064PVL,139
407ES0TIC064PVLL,0
407ES0TIC064PVH,156
407ES0TIC064PVHH,250
407ES0LIC012PVL,18.367
407ES0LIC012PVLL,0
407ES0LIC012PVH,81.633
407ES0LIC012PVHH,100
407ES0FIC015PVL,2633
407ES0FIC015PVLL,2633
407ES0FIC015PVH,5792
407ES0FIC015PVHH,5792
407ES0PIC181PVL,-1
407ES0PIC181PVLL,-1
407ES0PIC181PVH,8
407ES0PIC181PVHH,8
403GL0PI731PVL,-1
403GL0PI731PVLL,-1
403GL0PI731PVH,0.6
403GL0PI731PVHH,1.5
403GL0LI711PVL,0
403GL0LI711PVLL,30
403GL0LI711PVH,100
403GL0LI711PVHH,100
403GL0TI706PVL,0
403GL0TI706PVLL,0
403GL0TI706PVH,250
403GL0TI706PVHH,212
407ES0FI020PVL,0
407ES0FI020PVLL,0
407ES0FI020PVH,349
407ES0FI020PVHH,349
407ES0TI035PVL,0
407ES0TI035PVLL,0
407ES0TI035PVH,100
407ES0TI035PVHH,100
407ES0PIC001PVL,0.85
407ES0PIC001PVLL,0
407ES0PIC001PVH,1.15
407ES0PIC001PVHH,2
407ES0PIC075PVL,0
407ES0PIC075PVLL,0
407ES0PIC075PVH,1.25
407ES0PIC075PVHH,2
407ES0FI043APVL,0
407ES0FI043APVLL,1.15
407ES0FI043APVH,7
407ES0FI043APVHH,7
407ES0LIC037PVL,39.376
407ES0LIC037PVLL,0
407ES0LIC037PVH,72.19
407ES0LIC037PVHH,100
407ES0TIC034PVL,35
407ES0TIC034PVLL,0
407ES0TIC034PVH,45
407ES0TIC034PVHH,150
403GL0TI045BPVL,63
403GL0TI045BPVLL,-30
403GL0TI045BPVH,98
403GL0TI045BPVHH,120
403GL0PI056BPVL,17.7
403GL0PI056BPVLL,0
403GL0PI056BPVH,23.3
403GL0PI056BPVHH,40
403GL0PI058BPVL,0
403GL0PI058BPVLL,26.9
403GL0PI058BPVH,31.4
403GL0PI058BPVHH,50
403GL0PI059BPVL,0
403GL0PI059BPVLL,0
403GL0PI059BPVH,50
403GL0PI059BPVHH,41
403GL0PDI052BPVL,0
403GL0PDI052BPVLL,0
403GL0PDI052BPVH,0.005
403GL0PDI052BPVHH,10
403GL0TIC001PVL,38
403GL0TIC001PVLL,-30
403GL0TIC001PVH,42
403GL0TIC001PVHH,100
403GL0FI402PVL,0
403GL0FI402PVLL,0
403GL0FI402PVH,134000
403GL0FI402PVHH,134000
403GL0PDI701PVL,0
403GL0PDI701PVLL,0
403GL0PDI701PVH,0.05
403GL0PDI701PVHH,0.4
403GL0LI714PVL,0
403GL0LI714PVLL,14.286
403GL0LI714PVH,100
403GL0LI714PVHH,100
403GL0TI710PVL,0
403GL0TI710PVLL,0
403GL0TI710PVH,100
403GL0TI710PVHH,100
403GL0TI711PVL,0
403GL0TI711PVLL,0
403GL0TI711PVH,110
403GL0TI711PVHH,200
403GL0PI711PVL,-1
403GL0PI711PVLL,-1
403GL0PI711PVH,1.5
403GL0PI711PVHH,1
403GL0LIC702PVL,30
403GL0LIC702PVLL,0
403GL0LIC702PVH,60
403GL0LIC702PVHH,100
403GL0PI730PVL,0
403GL0PI730PVLL,0
403GL0PI730PVH,40
403GL0PI730PVHH,40
403GL0LI713PVL,-1
403GL0LI713PVLL,-1
403GL0LI713PVH,75
403GL0LI713PVHH,90
403GL0PIC085PVL,0
403GL0PIC085PVLL,0
403GL0PIC085PVH,50
403GL0PIC085PVHH,50
403GL0LIC705PVL,33.3333
403GL0LIC705PVLL,0
403GL0LIC705PVH,66.6666
403GL0LIC705PVHH,100
403GL0LIC016PVL,25
403GL0LIC016PVLL,0
403GL0LIC016PVH,75
403GL0LIC016PVHH,100
403GL0TI714PVL,0
403GL0TI714PVLL,0
403GL0TI714PVH,250
403GL0TI714PVHH,250
403GL0TI715PVL,0
403GL0TI715PVLL,0
403GL0TI715PVH,150
403GL0TI715PVHH,150
403GL0PDI702PVL,0
403GL0PDI702PVLL,0
403GL0PDI702PVH,0.1
403GL0PDI702PVHH,0.4
403GL0PDI072PVL,0.0
403GL0PDI072PVLL,0.0
403GL0PDI072PVH,2.0
403GL0PDI072PVHH,2.0
403GL0LI717PVL,0.0
403GL0LI717PVLL,-1.0
403GL0LI717PVH,75
403GL0LI717PVHH,90
403GL0LI716PVL,0.0
403GL0LI716PVLL,-1.0
403GL0LI716PVH,75
403GL0LI716PVHH,90
403GL0LI715PVL,0.0
403GL0LI715PVLL,0.0
403GL0LI715PVH,75
403GL0LI715PVHH,90
403GL0PI728PVL,-0.5
403GL0PI728PVLL,-0.9
403GL0PI728PVH,0.5
403GL0PI728PVHH,0.8
403GL0TI720PVL,0
403GL0TI720PVLL,0
403GL0TI720PVH,100
403GL0TI720PVHH,100
407ED0PDI009APVL,0
407ED0PDI009APVLL,0
407ED0PDI009APVH,0.06
407ED0PDI009APVHH,0.06
407ED0PDI009BPVL,0
407ED0PDI009BPVLL,0
407ED0PDI009BPVH,0.06
407ED0PDI009BPVHH,0.06
407ED0PDI009CPVL,0
407ED0PDI009CPVLL,0
407ED0PDI009CPVH,0.06
407ED0PDI009CPVHH,0.06
407ES0PIC059PVL,34
407ES0PIC059PVLL,0
407ES0PIC059PVH,39
407ES0PIC059PVHH,70.0
407ES0TIC014PVL,35.0
407ES0TIC014PVLL,0
407ES0TIC014PVH,50.0
407ES0TIC014PVHH,100
407ES0LIC007PVL,28.29
407ES0LIC007PVLL,5.0
407ES0LIC007PVH,95.941
407ES0LIC007PVHH,90.0
407ES0LIC003PVL,13.16
407ES0LIC003PVLL,0
407ES0LIC003PVH,86.96
407ES0LIC003PVHH,100
407ES0LIC011PVL,40.525
407ES0LIC011PVLL,0.0
407ES0LIC011PVH,93.85
407ES0LIC011PVHH,100
407ES0PIC060PVL,6.5
407ES0PIC060PVLL,0.0
407ES0PIC060PVH,7.5
407ES0PIC060PVHH,12
407ES0PIC063PVL,0.0
407ES0PIC063PVLL,0.0
407ES0PIC063PVH,12
407ES0PIC063PVHH,12
403GL0SIC001APVL,10859
403GL0SIC001APVLL,10859
403GL0SIC001APVH,14479
403GL0SIC001APVHH,14479
403GL0PI055BPVL,0
403GL0PI055BPVLL,18
403GL0PI055BPVH,40
403GL0PI055BPVHH,40
403GL0TI046BPVL,-30
403GL0TI046BPVLL,-30
403GL0TI046BPVH,120
403GL0TI046BPVHH,105
403GL0TI044BPVL,-30
403GL0TI044BPVLL,-30.0
403GL0TI044BPVH,55
403GL0TI044BPVHH,100
403GL0SIC001BPVL,10859
403GL0SIC001BPVLL,10859
403GL0SIC001BPVH,14479
403GL0SIC001BPVHH,14479
403GL0PI743PVL,0
403GL0PI743PVLL,0
403GL0PI743PVH,40
403GL0PI743PVHH,40
407ES0FI110PVL,0.0
407ES0FI110PVLL,0.0
407ES0FI110PVH,3300
407ES0FI110PVHH,3300
407ES0TI059PVL,0.0
407ES0TI059PVLL,0.0
407ES0TI059PVH,100
407ES0TI059PVHH,100
407ES0TI058PVL,0.0
407ES0TI058PVLL,0.0
407ES0TI058PVH,100
407ES0TI058PVHH,100
407ES0FI109PVL,0.0
407ES0FI109PVLL,0.0
407ES0FI109PVH,11580
407ES0FI109PVHH,11580
407ES0PI010PVL,0.0
407ES0PI010PVLL,0.0
407ES0PI010PVH,12
407ES0PI010PVHH,10
407ES0FI004PVL,0.0
407ES0FI004PVLL,0.0
407ES0FI004PVH,86.57
407ES0FI004PVHH,90
407ES0PIC007PVL,0.0
407ES0PIC007PVLL,0.0
407ES0PIC007PVH,8.5
407ES0PIC007PVHH,12
403GL0PI058APVL,26.9
403GL0PI058APVLL,0
403GL0PI058APVH,31.4
403GL0PI058APVHH,50
403GL0TI044APVL,-30
403GL0TI044APVLL,-30.0
403GL0TI044APVH,55
403GL0TI044APVHH,100
403GL0TI045APVL,63
403GL0TI045APVLL,-30
403GL0TI045APVH,98
403GL0TI045APVHH,120
403GL0PI056APVL,17.7
403GL0PI056APVLL,0
403GL0PI056APVH,23.3
403GL0PI056APVHH,40
403GL0TI046APVL,-30
403GL0TI046APVLL,-30
403GL0TI046APVH,120
403GL0TI046APVHH,105
403GL0PI055APVL,0
403GL0PI055APVLL,18
403GL0PI055APVH,40
403GL0PI055APVHH,40
403GL0PI034PVL,21
403GL0PI034PVLL,0
403GL0PI034PVH,50
403GL0PI034PVHH,50
407ED0PI248PVL,33.8
407ED0PI248PVLL,29.75
407ED0PI248PVH,40.0
407ED0PI248PVHH,42.0
407ED0TI041APVL,48
407ED0TI041APVLL,0.0
407ED0TI041APVH,305.0
407ED0TI041APVHH,350
407ED0TI041BPVL,48
407ED0TI041BPVLL,0.0
407ED0TI041BPVH,305.0
407ED0TI041BPVHH,350
407ED0TI041CPVL,48
407ED0TI041CPVLL,0.0
407ED0TI041CPVH,305.0
407ED0TI041CPVHH,350
407ED0PI002PVL,33.8
407ED0PI002PVLL,29.75
407ED0PI002PVH,40.0
407ED0PI002PVHH,42.0
407ED0TI040APVL,0
407ED0TI040APVLL,0
407ED0TI040APVH,350
407ED0TI040APVHH,350
407ED0TI040BPVL,0
407ED0TI040BPVLL,0
407ED0TI040BPVH,350
407ED0TI040BPVHH,350
407ED0TI040CPVL,0
407ED0TI040CPVLL,0
407ED0TI040CPVH,350
407ED0TI040CPVHH,350
407ED0FI031PVL,0.0
407ED0FI031PVLL,0.0
407ED0FI031PVH,20150
407ED0FI031PVHH,20150
407ED0PI216PVL,0.0
407ED0PI216PVLL,0
407ED0PI216PVH,40.0
407ED0PI216PVHH,40
407ED0TI163PVL,0
407ED0TI163PVLL,0.0
407ED0TI163PVH,350
407ED0TI163PVHH,350
407ED0TI211PVL,0.0
407ED0TI211PVLL,0.0
407ED0TI211PVH,100
407ED0TI211PVHH,100
407ED0TI212PVL,0.0
407ED0TI212PVLL,0.0
407ED0TI212PVH,100
407ED0TI212PVHH,100
407ES0LI127PVL,0.0
407ES0LI127PVLL,12.3
407ES0LI127PVH,98.4
407ES0LI127PVHH,100.0
407ES0LIC015PVL,30.75
407ES0LIC015PVLL,0
407ES0LIC015PVH,92.25
407ES0LIC015PVHH,100
407ED0PI251PVL,0.0
407ED0PI251PVLL,33.8
407ED0PI251PVH,70
407ED0PI251PVHH,70
407ED0PI005PVL,1.5
407ED0PI005PVLL,-1
407ED0PI005PVH,40.3
407ED0PI005PVHH,50
403GL0AI701PVL,0
403GL0AI701PVLL,0
403GL0AI701PVH,0.08
403GL0AI701PVHH,0.3
403GL0LI706PVL,0
403GL0LI706PVLL,11.1111
403GL0LI706PVH,100
403GL0LI706PVHH,88.8888
403GL0LI703PVL,0
403GL0LI703PVLL,10
403GL0LI703PVH,100
403GL0LI703PVHH,90
403GL0PI713PVL,0
403GL0PI713PVLL,0
403GL0PI713PVH,50
403GL0PI713PVHH,40
403GL0PI712PVL,0
403GL0PI712PVLL,0
403GL0PI712PVH,50
403GL0PI712PVHH,40
403GL0PIT742PVL,0.0
403GL0PIT742PVLL,0.0
403GL0PIT742PVH,100
403GL0PIT742PVHH,100
403GL0PIT741PVL,0.0
403GL0PIT741PVLL,0.0
403GL0PIT741PVH,100
403GL0PIT741PVHH,100
403GL0PIT739PVL,0.0
403GL0PIT739PVLL,0.0
403GL0PIT739PVH,100
403GL0PIT739PVHH,100
403GL0PIT736PVL,0.0
403GL0PIT736PVLL,0.0
403GL0PIT736PVH,100
403GL0PIT736PVHH,100
403GL0PT735PVL,0.0
403GL0PT735PVLL,0.0
403GL0PT735PVH,100
403GL0PT735PVHH,100
403GL0PI059APVL,0
403GL0PI059APVLL,0
403GL0PI059APVH,50
403GL0PI059APVHH,41
403GL0FI703PVL,0
403GL0FI703PVLL,4592
403GL0FI703PVH,10000
403GL0FI703PVHH,10000
407ES0LI029PVL,24.61
407ES0LI029PVLL,0.0
407ES0LI029PVH,82.03
407ES0LI029PVHH,100
407ES0FIC022BPVL,12.4
407ES0FIC022BPVLL,14.6
407ES0FIC022BPVH,45.3
407ES0FIC022BPVHH,45.3
407ES0LI014PVL,0.0
407ES0LI014PVLL,0.0
407ES0LI014PVH,100
407ES0LI014PVHH,100
403GL0TI439PVL,-30
403GL0TI439PVLL,-30
403GL0TI439PVH,100
403GL0TI439PVHH,100
403GL0PDI016PVL,-0.5
403GL0PDI016PVLL,-0.9
403GL0PDI016PVH,2.2
403GL0PDI016PVHH,2.5
403GL0PI070PVL,0
403GL0PI070PVLL,0
403GL0PI070PVH,40
403GL0PI070PVHH,40
403GL0FI025PVL,0.0
403GL0FI025PVLL,0.0
403GL0FI025PVH,92000
403GL0FI025PVHH,92000
403GL0PDI051PVL,0
403GL0PDI051PVLL,0
403GL0PDI051PVH,0.1
403GL0PDI051PVHH,0.4
403GL0LI017PVL,0
403GL0LI017PVLL,15
403GL0LI017PVH,100
403GL0LI017PVHH,90
403GL0PDI002PVL,-0.5
403GL0PDI002PVLL,-0.9
403GL0PDI002PVH,1.2
403GL0PDI002PVHH,1.4
403GL0PDI052APVL,0
403GL0PDI052APVLL,0
403GL0PDI052APVH,0.005
403GL0PDI052APVHH,10
403ARS0PDI002APVL,0
403ARS0PDI002APVLL,0
403ARS0PDI002APVH,0.5
403ARS0PDI002APVHH,1
403ARS0PDI002BPVL,0
403ARS0PDI002BPVLL,0
403ARS0PDI002BPVH,0.5
403ARS0PDI002BPVHH,1
407ES0LI026BPVL,36.9
407ES0LI026BPVLL,0.0
407ES0LI026BPVH,61.5
407ES0LI026BPVHH,100
407ES0LI027PVL,0.0
407ES0LI027PVLL,5
407ES0LI027PVH,95
407ES0LI027PVHH,100
407ES0PDI246PVL,0.0
407ES0PDI246PVLL,0.0
407ES0PDI246PVH,0.35
407ES0PDI246PVHH,0.5
407ES0PI003PVL,0.0
407ES0PI003PVLL,0.0
407ES0PI003PVH,80
407ES0PI003PVHH,80
407ES0TI132PVL,42.5
407ES0TI132PVLL,0.0
407ES0TI132PVH,50
407ES0TI132PVHH,100
407ES0PI065PVL,0.0
407ES0PI065PVLL,0.0
407ES0PI065PVH,2
407ES0PI065PVHH,1.8
407ES0FI158PVL,0.0
407ES0FI158PVLL,0.0
407ES0FI158PVH,6371
407ES0FI158PVHH,6371
407ES0FI015PVL,0.0
407ES0FI015PVLL,0.0
407ES0FI015PVH,6372
407ES0FI015PVHH,6372
407ES0TI219PVL,0.0
407ES0TI219PVLL,0.0
407ES0TI219PVH,250
407ES0TI219PVHH,250
407ES0FI037PVL,0
407ES0FI037PVLL,2790
407ES0FI037PVH,4906
407ES0FI037PVHH,4906
407ES0LI023PVL,0
407ES0LI023PVLL,16.4
407ES0LI023PVH,100
407ES0LI023PVHH,90.24
407ES0FI008PVL,0.0
407ES0FI008PVLL,0.0
407ES0FI008PVH,160
407ES0FI008PVHH,160
407ES0LI080PVL,0.0
407ES0LI080PVLL,43.82
407ES0LI080PVH,100
407ES0LI080PVHH,100
407ESTK407003HPVL,0.0
407ESTK407003HPVLL,0.0
407ESTK407003HPVH,100
407ESTK407003HPVHH,100
407ESTK407003VPVL,0.0
407ESTK407003VPVLL,0.0
407ESTK407003VPVH,100
407ESTK407003VPVHH,100
407ES0TI133PVL,0.0
407ES0TI133PVLL,0.0
407ES0TI133PVH,64.4
407ES0TI133PVHH,200
407ES0TI185PVL,0.0
407ES0TI185PVLL,0.0
407ES0TI185PVH,59.4
407ES0TI185PVHH,150
407ES0TI134PVL,0.0
407ES0TI134PVLL,0.0
407ES0TI134PVH,150
407ES0TI134PVHH,150
407ES0PDI004PVL,0.0
407ES0PDI004PVLL,0.0
407ES0PDI004PVH,0.3
407ES0PDI004PVHH,0.5
407ES0TI062PVL,126
407ES0TI062PVLL,0.0
407ES0TI062PVH,134
407ES0TI062PVHH,200
407ES0TI063PVL,0.0
407ES0TI063PVLL,0.0
407ES0TI063PVH,200
407ES0TI063PVHH,200
407ES0PI070PVL,2.5
407ES0PI070PVLL,-1
407ES0PI070PVH,4
407ES0PI070PVHH,6
407ES0LI013PVL,0.0
407ES0LI013PVLL,2.04
407ES0LI013PVH,100
407ES0LI013PVHH,100
407ES0TI010PVL,0.0
407ES0TI010PVLL,0.0
407ES0TI010PVH,200
407ES0TI010PVHH,200
4030HC590PVL,0.0
4030HC590PVLL,0.0
4030HC590PVH,100
4030HC590PVHH,100
407ES0LI009BPVL,0.0
407ES0LI009BPVLL,0.0
407ES0LI009BPVH,100
407ES0LI009BPVHH,100
407ES0LI010PVL,0.0
407ES0LI010PVLL,12.3
407ES0LI010PVH,100
407ES0LI010PVHH,90.24
407ES0PI177PVL,0.0
407ES0PI177PVLL,0.0
407ES0PI177PVH,3
407ES0PI177PVHH,3
407ES0AI001APVL,0.0
407ES0AI001APVLL,0.0
407ES0AI001APVH,100
407ES0AI001APVHH,100
407ES0FI016BPVL,0
407ES0FI016BPVLL,3
407ES0FI016BPVH,13
407ES0FI016BPVHH,13
403ARS0FI014PVL,0
403ARS0FI014PVLL,0
403ARS0FI014PVH,473
403ARS0FI014PVHH,480
403ARS0LI018PVL,0
403ARS0LI018PVLL,8.2
403ARS0LI018PVH,100
403ARS0LI018PVHH,90.24
403ARS0LI015PVL,0
403ARS0LI015PVLL,12.3
403ARS0LI015PVH,100
403ARS0LI015PVHH,100
403ARS0LI009PVL,0
403ARS0LI009PVLL,12.3
403ARS0LI009PVH,100
403ARS0LI009PVHH,100
403ARS0TI034PVL,35
403ARS0TI034PVLL,0
403ARS0TI034PVH,45
403ARS0TI034PVHH,100
403ARS0PDI041PVL,0
403ARS0PDI041PVLL,0
403ARS0PDI041PVH,0.3
403ARS0PDI041PVHH,0.4
403ARS0LI026PVL,0
403ARS0LI026PVLL,0
403ARS0LI026PVH,100
403ARS0LI026PVHH,86.1
403ARS0TI036PVL,0
403ARS0TI036PVLL,0
403ARS0TI036PVH,50
403ARS0TI036PVHH,100
403ARS0TI003PVL,0
403ARS0TI003PVLL,0
403ARS0TI003PVH,100
403ARS0TI003PVHH,100
403ARS0FI002PVL,17943
403ARS0FI002PVLL,0
403ARS0FI002PVH,98686
403ARS0FI002PVHH,108555
403ARS0LI023PVL,0.0
403ARS0LI023PVLL,0.0
403ARS0LI023PVH,100
403ARS0LI023PVHH,100
403ARS0TI021PVL,0.0
403ARS0TI021PVLL,0.0
403ARS0TI021PVH,350
403ARS0TI021PVHH,350
403GL0FIC020PVL,0.0
403GL0FIC020PVLL,0.0
403GL0FIC020PVH,6000
403GL0FIC020PVHH,6000
403ARS0PDI010PVL,-0.25
403ARS0PDI010PVLL,-0.45
403ARS0PDI010PVH,0.25
403ARS0PDI010PVHH,0.4
403ARS0LI022PVL,0
403ARS0LI022PVLL,8.2
403ARS0LI022PVH,100
403ARS0LI022PVHH,98.44
403ARS0FI013PVL,418
403ARS0FI013PVLL,418
403ARS0FI013PVH,2528
403ARS0FI013PVHH,2298
403ARS0PDI001PVL,0
403ARS0PDI001PVLL,0
403ARS0PDI001PVH,0.35
403ARS0PDI001PVHH,1
403ARS0PDI008PVL,0
403ARS0PDI008PVLL,0
403ARS0PDI008PVH,0.35
403ARS0PDI008PVHH,1
407ES0LI028PVL,0
407ES0LI028PVLL,8.2
407ES0LI028PVH,100
407ES0LI028PVHH,98.44
407ED0TI116PVL,0
407ED0TI116PVLL,0
407ED0TI116PVH,100
407ED0TI116PVHH,100
407ES0PDI282BPVL,-2
407ES0PDI282BPVLL,-2.4
407ES0PDI282BPVH,2
407ES0PDI282BPVHH,2.4
403GL0LI016PVL,25
403GL0LI016PVLL,5
403GL0LI016PVH,80
403GL0LI016PVHH,90
403ARS0TI015PVL,0
403ARS0TI015PVLL,0
403ARS0TI015PVH,350
403ARS0TI015PVHH,350
403ARS0FI007PVL,3659
403ARS0FI007PVLL,0
403ARS0FI007PVH,20127
403ARS0FI007PVHH,22143
407ES0TV031PVL,0.0
407ES0TV031PVLL,0.0
407ES0TV031PVH,100
407ES0TV031PVHH,100
403GL0PI735PVL,0.0
403GL0PI735PVLL,0.0
403GL0PI735PVH,2.5
403GL0PI735PVHH,2.5
403GL0PI736PVL,0.0
403GL0PI736PVLL,0.0
403GL0PI736PVH,1000
403GL0PI736PVHH,1000
403GL0PI739PVL,0.0
403GL0PI739PVLL,0.0
403GL0PI739PVH,2500
403GL0PI739PVHH,2500
403GL0PI741PVL,0.0
403GL0PI741PVLL,0.0
403GL0PI741PVH,2.5
403GL0PI741PVHH,2.5
403GL0PI742PVL,0.0
403GL0PI742PVLL,0.0
403GL0PI742PVH,1000
403GL0PI742PVHH,1000
403ARS0EV005LG,1.0
403ARS0EV015LG,1.0
403ARS0EV012LG,1.0
403ARS0EV021LG,1.0
403ARS0EV008LG,1.0
403ARS0EV016LG,1.0
403ARS0EV013LG,1.0
403ARS0EV010LG,1.0
403ARS0EV011LG,1.0
403ARS0EV017LG,1.0
403ARS0EV018LG,1.0
407ES0EV037LG,1.0
407ES0EV002LG,1.0
407ES0EV006LG,1.0
407ES0EV027LG,1.0
407ES0EV038LG,1.0
407ES0EV044LG,1.0
407ES0EV001LG,1.0
407ES0EV026LG,1.0
407ES0EV035LG,1.0
407ES0EV049LG,1.0
407ES0EV036LG,1.0
407ED0EV021LG,1.0
407ED0EV012LG,1.0
407ED0EV011LG,1.0
403GL0EV016LG,1.0
403GL0EV018LG,1.0
403GL0EV034LG,1.0
403GL0EV031LG,1.0
403GL0EV704LG,1.0
403GL0EV703LG,1.0
403GL0EV705LG,1.0
403GL0EV702LG,1.0
403GL0EV017LG,1.0
0FIC015LG,1.0
0LIC007LG,1.0
0LIC010LG,2.0
0LIC011BLG,1.0
0LIC012LG,1.0
0LIC015LG,1.0
0LIC019LG,1.0
0LIC029LG,1.0
0PIC181LG,1.0
0TIC064LG,1.0
0LIC702LG,1.0
0LIC705LG,1.0
0LIC708LG,1.0
403GLP003ALG,1.0
403GLP003BLG,2.0
403DE0FIC031PVS,5.22246e-05
403DE0PIC015APVS,48.531
403DE0PIC017PVS,48.8019
403DE0PIC283APVS,48.531
403DE0PIC283BPVS,48.5228
407ES0FIC014APVS,49.9999
407ES0FIC015PVS,49.9993
403ARS0FIC016APVS,49.9999
407ES0FIC022BPVS,49.9999
403ARS0LIC003PVS,50.2043
407ES0LIC003PVS,49.995
407ES0LIC007PVS,63.6613
403ARS0LIC010PVS,2.82839
403ARS0LIC011PVS,40.0062
407ES0LIC011PVS,52.5182
407ES0LIC012PVS,57.5874
407ES0LIC015PVS,55.9986
403ARS0LIC019PVS,11.455
403ARS0LIC023PVS,43.8258
407ES0LIC029PVS,21.228
407ES0LIC037PVS,59.433
407ES0PIC001PVS,50.0
403ARS0PIC007PVS,50.0
407ES0PIC007PVS,50.0
403ARS0PIC049PVS,50.0057
407ES0PIC059PVS,49.9993
407ES0PIC060PVS,50.0
407ES0PIC063PVS,50.0
407ES0PIC064PVS,50.0005
407ES0PIC075PVS,50.0
407ES0PIC181PVS,40.9091
403ARS0TIC011PVS,50.0524
403ARS0TIC012PVS,50.0
407ES0TIC014PVS,50.0
407ES0TIC015PVS,50.0
407ES0TIC034PVS,50.0
403ARS0TIC040PVS,50.0
407ES0TIC064PVS,50.0
407ES0TIC100PVS,50.0
403AFEDT,250
403AFEDC1,914.5
403AFEDC2,6.15938
403AFEDC3,0.304179
403AFEDIC4,0.00845882
403AFEDC4,0.00845882
403AFEDN2,0.833194
403AFEDH2O,22.7295
403AFEDH2S,0.122823
403AFEDCO2,0.0350195
403AFRDP,23.7
407FEDP,37.7
407TEDT,40.0
407TEDF,185775.0
407TEDC1,0.0088609
407TEDC2,0.982917
407TEDC3,0.0061219
407TEDH2O,0.002057
407TEDCO2,3.4e-05
407TEDH2S,5e-06
403ATRDT,40.95
403ATRDC1,76482.7
403ATRDC2,973.803
403ATRDC3,70.67
403ATRDCO2,4.04
403ATRDH2O,380.09
403ATRDH2S,0.82
403ATRDIC4,5.68999
403ATRDN2,121.7
403ATEDP,24.0
403FRST,40.95
403FRSC1,76482.7
403FRSC2,973.8
403FRSC3,70.67
403FRSIC4,5.69
403FRSH2O,380.09
403FRSN2,121.7
403FRSCO2,4.04
403FRSH2S,0.82
403TRSP,23.7
407FEST,40.0
407FESF,185775.0
407FESC1,0.0088609
407FESC2,0.982917
407FESC3,0.0061219
407FESH2O,0.002057
407FESCO2,3.4e-05
407FESH2S,5e-06
407FRSP,24.0
407TRST,26.0768
407TRSC1,4.04437
407TRSC2,448.534
407TRSC3,2.79365
407TRSIC4,0.001369
407TRSNC4,0.000456335
407TRSN2,7.67249e-07
407TRSH2O,0.938669
407TRSCO2,0.0155152
407TRSH2S,0.00228165
407TESP,37.7
407ES0LIC029OP,0.0
407ES0LIC029PV,21.228
407ES0LIC029SP,50.0
407ES0LIC029SPAd,40
407ES0LIC029TV,0.0
407ES0LIC029CAS,0.0
407ES0LIC029KC,1.0
407ES0LIC029AC,2
407ES0LIC029TI,20
407ES0LIC029OPM,-1.00001
407ES0LIC029OPL,0.0
407ES0LIC029OPH,100.0
407ES0LIC029PVLL,0.0
407ES0LIC029PVL,25
407ES0LIC029PVH,75
407ES0LIC029PVHH,100
403ARS0LIC010OP,0.0
403ARS0LIC010PV,2.82239
403ARS0LIC010SP,25.0
403ARS0LIC010SPAd,40
403ARS0LIC010TV,1.0
403ARS0LIC010CAS,0.0
403ARS0LIC010KC,1.0
403ARS0LIC010AC,2
403ARS0LIC010TI,20
403ARS0LIC010OPM,0.0
403ARS0LIC010OPL,0.0
403ARS0LIC010OPH,100.0
403ARS0LIC010PVLL,0.0
403ARS0LIC010PVL,25
403ARS0LIC010PVH,75
403ARS0LIC010PVHH,100
403ARS0LIC019OP,0.0
403ARS0LIC019PV,11.455
403ARS0LIC019SP,50.0
403ARS0LIC019SPAd,40
403ARS0LIC019TV,1.0
403ARS0LIC019CAS,0.0
403ARS0LIC019KC,1.0
403ARS0LIC019AC,2
403ARS0LIC019TI,20
403ARS0LIC019OPM,-1.0
403ARS0LIC019OPL,0.0
403ARS0LIC019OPH,100.0
403ARS0LIC019PVLL,0.0
403ARS0LIC019PVL,25
403ARS0LIC019PVH,75
403ARS0LIC019PVHH,100
407ES0PV075AOP,0.0
407ES0PV075APV,0.0
407ES0PV075ASP,0.0
407ES0PV075ATV,0.0
407ES0PV075BOP,0.0
407ES0PV075BPV,0.0
407ES0PV075BSP,0.0
407ES0PV075BTV,0.0
407ES0PV075BSPPVLL,0.0
407ES0PV075BSPPVL,0.0
407ES0PV075BSPPVH,100
407ES0PV075BSPPVHH,100
